id,name,email,created_at
101,User101,user101@example.com,2026-02-21 11:00:01
102,User102,user102@example.com,2026-02-21 11:00:02
103,User103,user103@example.com,2026-02-21 11:00:03
104,User104,user104@example.com,2026-02-21 11:00:04
105,User105,user105@example.com,2026-02-21 11:00:05
106,User106,user106@example.com,2026-02-21 11:00:06
107,User107,user107@example.com,2026-02-21 11:00:07
108,User108,user108@example.com,2026-02-21 11:00:08
109,User109,user109@example.com,2026-02-21 11:00:09
110,User110,user110@example.com,2026-02-21 11:00:10
111,User111,user111@example.com,2026-02-21 11:00:11
112,User112,user112@example.com,2026-02-21 11:00:12
113,User113,user113@example.com,2026-02-21 11:00:13
114,User114,user114@example.com,2026-02-21 11:00:14
115,User115,user115@example.com,2026-02-21 11:00:15
116,User116,user116@example.com,2026-02-21 11:00:16
117,User117,user117@example.com,2026-02-21 11:00:17
118,User118,user118@example.com,2026-02-21 11:00:18
119,User119,user119@example.com,2026-02-21 11:00:19
120,User120,user120@example.com,2026-02-21 11:00:20
121,User121,user121@example.com,2026-02-21 11:00:21
122,User122,user122@example.com,2026-02-21 11:00:22
123,User123,user123@example.com,2026-02-21 11:00:23
124,User124,user124@example.com,2026-02-21 11:00:24
125,User125,user125@example.com,2026-02-21 11:00:25
126,User126,user126@example.com,2026-02-21 11:00:26
127,User127,user127@example.com,2026-02-21 11:00:27
128,User128,user128@example.com,2026-02-21 11:00:28
129,User129,user129@example.com,2026-02-21 11:00:29
130,User130,user130@example.com,2026-02-21 11:00:30
131,User131,user131@example.com,2026-02-21 11:00:31
132,User132,user132@example.com,2026-02-21 11:00:32
133,User133,user133@example.com,2026-02-21 11:00:33
134,User134,user134@example.com,2026-02-21 11:00:34
135,User135,user135@example.com,2026-02-21 11:00:35
136,User136,user136@example.com,2026-02-21 11:00:36
137,User137,user137@example.com,2026-02-21 11:00:37
138,User138,user138@example.com,2026-02-21 11:00:38
139,User139,user139@example.com,2026-02-21 11:00:39
140,User140,user140@example.com,2026-02-21 11:00:40
141,User141,user141@example.com,2026-02-21 11:00:41
142,User142,user142@example.com,2026-02-21 11:00:42
143,User143,user143@example.com,2026-02-21 11:00:43
144,User144,user144@example.com,2026-02-21 11:00:44
145,User145,user145@example.com,2026-02-21 11:00:45
146,User146,user146@example.com,2026-02-21 11:00:46
147,User147,user147@example.com,2026-02-21 11:00:47
148,User148,user148@example.com,2026-02-21 11:00:48
149,User149,user149@example.com,2026-02-21 11:00:49
150,User150,user150@example.com,2026-02-21 11:00:50
151,User151,user151@example.com,2026-02-21 11:00:51
152,User152,user152@example.com,2026-02-21 11:00:52
153,User153,user153@example.com,2026-02-21 11:00:53
154,User154,user154@example.com,2026-02-21 11:00:54
155,User155,user155@example.com,2026-02-21 11:00:55
156,User156,user156@example.com,2026-02-21 11:00:56
157,User157,user157@example.com,2026-02-21 11:00:57
158,User158,user158@example.com,2026-02-21 11:00:58
159,User159,user159@example.com,2026-02-21 11:00:59
160,User160,user160@example.com,2026-02-21 11:01:00
161,User161,user161@example.com,2026-02-21 11:01:01
162,User162,user162@example.com,2026-02-21 11:01:02
163,User163,user163@example.com,2026-02-21 11:01:03
164,User164,user164@example.com,2026-02-21 11:01:04
165,User165,user165@example.com,2026-02-21 11:01:05
166,User166,user166@example.com,2026-02-21 11:01:06
167,User167,user167@example.com,2026-02-21 11:01:07
168,User168,user168@example.com,2026-02-21 11:01:08
169,User169,user169@example.com,2026-02-21 11:01:09
170,User170,user170@example.com,2026-02-21 11:01:10
171,User171,user171@example.com,2026-02-21 11:01:11
172,User172,user172@example.com,2026-02-21 11:01:12
173,User173,user173@example.com,2026-02-21 11:01:13
174,User174,user174@example.com,2026-02-21 11:01:14
175,User175,user175@example.com,2026-02-21 11:01:15
176,User176,user176@example.com,2026-02-21 11:01:16
177,User177,user177@example.com,2026-02-21 11:01:17
178,User178,user178@example.com,2026-02-21 11:01:18
179,User179,user179@example.com,2026-02-21 11:01:19
180,User180,user180@example.com,2026-02-21 11:01:20
181,User181,user181@example.com,2026-02-21 11:01:21
182,User182,user182@example.com,2026-02-21 11:01:22
183,User183,user183@example.com,2026-02-21 11:01:23
184,User184,user184@example.com,2026-02-21 11:01:24
185,User185,user185@example.com,2026-02-21 11:01:25
186,User186,user186@example.com,2026-02-21 11:01:26
187,User187,user187@example.com,2026-02-21 11:01:27
188,User188,user188@example.com,2026-02-21 11:01:28
189,User189,user189@example.com,2026-02-21 11:01:29
190,User190,user190@example.com,2026-02-21 11:01:30
191,User191,user191@example.com,2026-02-21 11:01:31
192,User192,user192@example.com,2026-02-21 11:01:32
193,User193,user193@example.com,2026-02-21 11:01:33
194,User194,user194@example.com,2026-02-21 11:01:34
195,User195,user195@example.com,2026-02-21 11:01:35
196,User196,user196@example.com,2026-02-21 11:01:36
197,User197,user197@example.com,2026-02-21 11:01:37
198,User198,user198@example.com,2026-02-21 11:01:38
199,User199,user199@example.com,2026-02-21 11:01:39
200,User200,user200@example.com,2026-02-21 11:01:40